Sample,Lake,Timepoint,Time,Vol_Filtered
GEODES001,Sparkling,0,5,0.35
GEODES002,Sparkling,0,5,0.36
GEODES003,Sparkling,0,5,0.33
GEODES009,Sparkling,4,9,0.46
GEODES010,Sparkling,4,9,0.32
GEODES011,Sparkling,4,9,0.43
GEODES014,Sparkling,8,13,0.364
GEODES016,Sparkling,8,13,0.4
GEODES017,Sparkling,12,17,0.29
GEODES018,Sparkling,12,17,0.296
GEODES019,Sparkling,12,17,0.36
GEODES020,Sparkling,12,17,0.394
GEODES021,Sparkling,16,21,0.43
GEODES022,Sparkling,16,21,0.44
GEODES023,Sparkling,16,21,0.27
GEODES024,Sparkling,16,21,0.27
GEODES026,Sparkling,20,1,0.35
GEODES027,Sparkling,20,1,0.375
GEODES028,Sparkling,20,1,0.332
GEODES029,Sparkling,24,5,0.42
GEODES030,Sparkling,24,5,0.44
GEODES031,Sparkling,24,5,0.44
GEODES032,Sparkling,24,5,0.44
GEODES033,Sparkling,28,9,0.426
GEODES035,Sparkling,28,9,0.46
GEODES036,Sparkling,28,9,0.456
GEODES037,Sparkling,32,13,0.38
GEODES038,Sparkling,32,13,0.36
GEODES039,Sparkling,32,13,0.4
GEODES040,Sparkling,32,13,0.39
GEODES041,Sparkling,36,17,0.49
GEODES042,Sparkling,36,17,0.395
GEODES043,Sparkling,36,17,0.42
GEODES045,Sparkling,40,21,0.4
GEODES046,Sparkling,40,21,0.41
GEODES047,Sparkling,40,21,0.412
GEODES049,Sparkling,44,1,0.296
GEODES050,Sparkling,44,1,0.28
GEODES051,Sparkling,44,1,0.292
GEODES053,Trout,0,5,0.12
GEODES054,Trout,0,5,0.155
GEODES055,Trout,0,5,0.15
GEODES061,Trout,4,9,0.095
GEODES062,Trout,4,9,0.095
GEODES063,Trout,4,9,0.095
GEODES064,Trout,4,9,0.095
GEODES065,Trout,8,13,0.08
GEODES066,Trout,8,13,0.085
GEODES067,Trout,8,13,0.085
GEODES068,Trout,8,13,0.085
GEODES069,Trout,12,17,0.134
GEODES070,Trout,12,17,0.146
GEODES071,Trout,12,17,0.14
GEODES072,Trout,12,17,0.17
GEODES073,Trout,16,21,0.22
GEODES074,Trout,16,21,0.19
GEODES075,Trout,16,21,0.17
GEODES077,Trout,20,1,0.178
GEODES078,Trout,20,1,0.105
GEODES079,Trout,20,1,0.15
GEODES081,Trout,24,5,0.13
GEODES082,Trout,24,5,0.102
GEODES083,Trout,24,5,0.138
GEODES085,Trout,28,9,0.1
GEODES100,Trout,40,21,0.174
GEODES101,TroutHypo,20,1,0.078
GEODES102,TroutHypo,20,1,0.1
GEODES103,TroutHypo,20,1,0.08
GEODES104,TroutHypo,20,1,0.1
GEODES110,Trout,44,1,0.18
GEODES113,Mendota,0,5,0.3
GEODES114,Mendota,0,5,0.34
GEODES115,Mendota,0,5,0.2
GEODES121,Mendota,4,9,0.318
GEODES122,Mendota,4,9,0.327
GEODES123,Mendota,4,9,0.312
GEODES124,Mendota,4,9,0.31
GEODES125,Mendota,8,13,0.29
GEODES126,Mendota,8,13,0.3
GEODES128,Mendota,8,13,0.3
GEODES129,Mendota,12,17,0.25
GEODES130,Mendota,12,17,0.25
GEODES131,Mendota,12,17,0.25
GEODES133,Mendota,16,21,0.25
GEODES134,Mendota,16,21,0.25
GEODES135,Mendota,16,21,0.25
GEODES137,Mendota,20,1,0.28
GEODES138,Mendota,20,1,0.285
GEODES139,Mendota,20,1,0.28
GEODES141,Mendota,24,5,0.325
GEODES143,Mendota,24,5,0.28
GEODES144,Mendota,24,5,0.32
GEODES145,Mendota,28,9,0.25
GEODES147,Mendota,28,9,0.25
GEODES148,Mendota,28,9,0.25
GEODES150,Mendota,32,13,0.3
GEODES152,Mendota,32,13,0.3
GEODES153,Mendota,36,17,0.25
GEODES154,Mendota,36,17,0.25
GEODES155,Mendota,36,17,0.25
GEODES156,Mendota,36,17,0.25
GEODES157,Mendota,40,21,0.3
GEODES158,Mendota,40,21,0.3
GEODES159,Mendota,40,21,0.3
GEODES160,Mendota,40,21,0.3
GEODES161,Mendota,44,1,0.28
GEODES162,Mendota,44,1,0.3
GEODES163,Mendota,44,1,0.32
GEODES164,Mendota,44,1,0.28